,City,Cloudiness,Country,Date,Humidity,Lat,Lng,Max Temp,Wind Speed
0,Wewak,39,PG,1577896020,87,-3.55,143.63,78.42,9.42
1,Amberley,100,NZ,1577896021,100,-43.15,172.73,59.0,2.24
2,Torbay,90,CA,1577896022,92,47.66,-52.73,33.01,34.45
3,Tasiilaq,0,GL,1577896023,66,65.61,-37.64,12.2,28.86
4,Kenai,75,US,1577896024,71,60.55,-151.26,10.99,19.46
5,Awjilah,100,LY,1577896026,64,29.14,21.3,52.57,3.8
6,Odessa,1,US,1577896027,69,31.85,-102.37,42.8,10.29
7,Kruisfontein,11,ZA,1577896028,62,-34.0,24.73,75.4,19.51
8,Hamilton,90,CA,1577895805,79,43.26,-79.87,32.0,14.99
9,Port Elizabeth,75,US,1577896030,52,39.31,-74.98,46.99,10.29
10,Hilo,90,US,1577895918,68,19.71,-155.08,69.8,4.7
11,Stavanger,75,NO,1577896032,100,58.97,5.73,45.0,10.29
12,Busselton,56,AU,1577896033,48,-33.64,115.35,63.0,11.21
13,Ushuaia,100,AR,1577896035,32,-54.81,-68.31,68.0,17.22
14,Albany,75,US,1577896036,55,42.65,-73.75,37.4,8.05
15,Sao Filipe,100,CV,1577896037,61,14.9,-24.5,75.25,14.9
16,Ranong,47,TH,1577896038,79,9.96,98.62,79.97,10.33
17,Port Blair,0,IN,1577896039,80,11.67,92.75,82.09,13.71
18,Vaini,12,IN,1577896040,88,15.34,74.49,65.25,3.85
19,Rikitea,65,PF,1577896041,82,-23.12,-134.97,77.58,8.95
20,Kapaa,75,US,1577896042,64,22.08,-159.32,75.2,10.29
21,Mar del Plata,0,AR,1577896043,34,-46.43,-67.52,72.77,10.65
22,Jamestown,0,AU,1577895807,30,-33.21,138.6,66.6,11.48
23,Saint-Philippe,90,CA,1577896046,80,45.36,-73.48,34.0,16.11
24,Ebebiyin,75,GQ,1577896047,62,2.15,11.34,86.0,1.92
25,Victoria,75,BN,1577895785,78,5.28,115.24,82.4,3.36
26,Makakilo City,1,US,1577896049,93,21.35,-158.09,73.99,3.36
27,Kajaani,75,FI,1577896050,92,64.22,27.73,30.2,11.41
28,Mogadishu,0,SO,1577896051,79,2.04,45.34,81.46,21.61
29,Hohr-Grenzhausen,1,DE,1577896053,80,50.43,7.67,39.0,4.7
30,Cravo Norte,100,CO,1577896054,57,6.3,-70.2,85.98,13.09
31,Bredasdorp,37,ZA,1577896055,64,-34.53,20.04,75.99,12.75
32,Almaznyy,75,RU,1577896056,86,48.03,40.04,37.4,8.95
33,Port Alfred,100,ZA,1577896003,83,-33.59,26.89,70.0,5.01
34,Faanui,100,PF,1577896058,83,-16.48,-151.75,79.59,13.94
35,Mahebourg,75,MU,1577896059,83,-20.41,57.7,80.6,3.91
36,Ventspils,20,LV,1577896061,81,57.39,21.56,42.8,16.11
37,Chokurdakh,100,RU,1577896062,85,70.62,147.9,-22.65,1.79
38,Aguimes,0,ES,1577896063,45,27.91,-15.45,64.99,5.82
39,Brockville,40,CA,1577895777,83,44.59,-75.69,33.01,9.17
40,Iqaluit,90,CA,1577896065,77,63.75,-68.52,1.4,1.16
41,Punta Arenas,50,CL,1577895935,42,-53.16,-70.91,66.2,16.11
42,Latung,100,ID,1577896067,93,-8.45,120.42,68.95,2.06
43,Joplin,1,US,1577895955,36,37.08,-94.51,48.99,18.34
44,Menongue,92,AO,1577896070,72,-14.66,17.68,77.41,3.76
45,Dukat,0,AL,1577896071,37,40.25,19.57,55.0,3.0
46,Karaton,90,ID,1577896072,88,-6.34,106.1,80.01,17.22
47,Castro,0,CL,1577895837,53,-42.48,-73.76,71.6,6.93
48,Charlottetown,75,CA,1577896074,80,46.23,-63.13,34.0,13.87
49,North Bend,90,US,1577896075,100,43.41,-124.22,53.01,9.17
50,Fortuna,90,US,1577896076,93,40.6,-124.16,53.6,0.29
51,Khunzakh,49,RU,1577896077,67,42.55,46.71,26.02,3.09
52,Ayr,22,AU,1577896079,88,-19.58,147.4,73.99,6.22
53,Severo-Kurilsk,75,RU,1577896080,84,50.68,156.12,10.74,4.41
54,Yellowknife,90,CA,1577895807,84,62.45,-114.38,8.6,6.93
55,Iturama,100,BR,1577896082,61,-19.73,-50.2,85.77,5.5
56,Kodinsk,99,RU,1577896083,96,58.6,99.18,10.45,3.69
57,Flinders,90,AU,1577896084,93,-34.58,150.85,68.0,5.82
58,Rovaniemi,90,FI,1577896085,100,66.5,25.72,21.2,9.17
59,Qaanaaq,100,GL,1577896086,87,77.48,-69.36,-33.77,4.65
60,Barranquilla,40,CO,1577896088,62,10.98,-74.8,89.6,9.17
61,Marawi,31,PH,1577896089,90,8.0,124.29,75.99,4.0
62,Palaikastron,0,GR,1577896090,67,35.2,26.25,57.81,27.87
63,Lompoc,1,US,1577896091,93,34.64,-120.46,52.0,3.36
64,Moron,12,HT,1577896092,67,18.56,-74.26,80.65,3.06
65,Saskylakh,80,RU,1577896093,89,71.97,114.09,-15.75,11.12
66,Ponta do Sol,67,BR,1577896094,67,-20.63,-46.0,79.29,7.52
67,Taoudenni,0,ML,1577896095,13,22.68,-3.98,67.24,19.82
68,Nanortalik,0,GL,1577896097,51,60.14,-45.24,24.98,23.17
69,Sfantu Gheorghe,60,RO,1577896098,51,44.65,26.83,41.0,11.41
70,Severodvinsk,75,RU,1577896099,92,64.56,39.82,19.4,6.71
71,Birin,100,NP,1577896100,53,26.89,88.07,43.7,5.7
72,Umm Kaddadah,20,SD,1577896101,11,13.6,26.69,85.32,4.59
73,Toppenish,1,US,1577896102,76,46.38,-120.31,52.0,12.75
74,Yar-Sale,59,RU,1577896103,98,66.83,70.83,-4.47,6.82
75,Atuona,35,PF,1577896105,74,-9.8,-139.03,80.06,15.73
76,Caohai,68,CN,1577896106,61,26.87,104.28,45.81,8.7
77,Hermanus,0,ZA,1577896107,65,-34.42,19.24,80.01,10.0
78,Vung Tau,35,VN,1577896108,62,10.35,107.08,79.99,13.87
79,Ruwi,38,OM,1577896109,56,23.6,58.55,73.4,2.24
80,Upernavik,100,GL,1577896110,99,72.79,-56.15,-8.63,9.84
81,Simoes,94,BR,1577896111,54,-7.6,-40.82,83.66,10.31
82,Namatanai,100,PG,1577896112,75,-3.66,152.44,82.24,2.53
83,Mataura,100,NZ,1577896114,96,-46.19,168.86,53.01,5.01
84,Zhangye,26,CN,1577896115,41,38.94,100.46,19.6,3.47
85,Chuy,100,UY,1577896116,74,-33.69,-53.46,73.74,15.95
86,Khatanga,68,RU,1577896117,77,71.98,102.47,-4.95,9.71
87,Arraial do Cabo,78,BR,1577896118,55,-22.97,-42.02,91.4,21.92
88,Narsaq,2,GL,1577896119,51,60.91,-46.05,12.2,6.93
89,Bluff,0,AU,1577896120,76,-23.58,149.07,75.51,12.21
90,Bethel,90,US,1577896121,76,60.79,-161.76,-7.6,17.22
91,Coahuayana,0,MX,1577896123,48,18.62,-100.35,75.81,0.34
92,Puerto Ayora,75,EC,1577896124,65,-0.74,-90.35,82.4,8.05
93,Vao,100,EE,1577896125,91,59.1,26.19,33.37,9.06
94,Kumluca,23,TR,1577896126,79,36.37,30.29,46.67,2.17
95,Hobart,75,AU,1577895860,48,-42.88,147.33,64.4,11.41
96,Kaitangata,100,NZ,1577896128,91,-46.28,169.85,50.04,10.27
97,Avarua,100,CK,1577896129,88,-21.21,-159.78,80.6,17.22
98,Georgetown,20,GY,1577895957,70,6.8,-58.16,86.0,9.17
99,Ghanzi,100,BW,1577896132,53,-21.7,21.65,80.06,7.52
100,Sitka,0,US,1577896133,78,37.17,-99.65,34.0,11.81
101,San Cristobal,53,HN,1577896134,73,14.68,-86.92,70.03,2.62
102,Baykit,98,RU,1577896135,99,61.68,96.39,-4.16,2.39
103,Puri,100,ID,1577896136,95,-7.54,112.45,73.33,5.64
104,New Norfolk,75,AU,1577896137,48,-42.78,147.06,64.4,11.41
105,Ibiruba,0,BR,1577896139,60,-28.63,-53.09,84.56,9.44
106,Carnarvon,0,ZA,1577896140,7,-30.97,22.13,95.13,16.6
107,Birao,98,CF,1577896141,13,10.3,22.78,93.81,3.04
108,Te Anau,97,NZ,1577896142,99,-45.41,167.72,52.29,2.62
109,Cochrane,0,CL,1577896143,60,-47.25,-72.57,55.18,4.14
110,Saldanha,73,PT,1577896144,48,41.42,-6.55,50.52,1.83
111,Vila Velha,75,BR,1577896145,58,-3.71,-38.6,86.0,10.29
112,Yulara,0,AU,1577896146,34,-25.24,130.99,82.4,4.7
113,Ambilobe,100,MG,1577896147,84,-13.19,49.05,79.16,5.46
114,Bara,0,NG,1577896149,16,10.41,10.6,82.67,12.57
115,Kodiak,1,US,1577896150,69,39.95,-94.76,44.01,13.87
116,Norman Wells,90,CA,1577896151,83,65.28,-126.83,-13.0,6.93
117,Arlit,0,NE,1577896152,11,18.74,7.39,66.02,23.89
118,Havre-Saint-Pierre,90,CA,1577896153,92,50.23,-63.6,28.4,20.8
119,Sinnamary,66,GF,1577896154,69,5.38,-52.96,80.29,15.19
120,Kokopo,100,PG,1577896155,78,-4.34,152.27,81.79,4.9
121,Kavaratti,39,IN,1577896156,71,10.57,72.64,82.22,5.97
122,Peace River,20,CA,1577896157,85,56.23,-117.29,12.2,4.7
123,Whitecourt,40,CA,1577896159,100,54.14,-115.68,24.8,9.17
124,Turayf,100,SA,1577896160,57,31.68,38.65,50.0,3.36
125,Hay River,90,CA,1577896161,84,60.82,-115.79,6.8,5.82
126,Tevriz,100,RU,1577896162,93,57.51,72.4,19.65,7.81
127,Clyde River,1,CA,1577896163,75,70.47,-68.59,-13.0,10.29
128,Buraydah,40,SA,1577896164,48,26.33,43.97,62.6,6.93
129,Ninghai,1,CN,1577896165,75,29.29,121.42,48.99,6.71
130,Cape Town,20,ZA,1577895955,73,-33.93,18.42,80.01,27.51
131,Nouakchott,77,MR,1577896167,9,18.08,-15.98,78.8,16.11
132,Puerto del Rosario,0,ES,1577896003,37,28.5,-13.86,66.2,10.29
133,Lazaro Cardenas,90,MX,1577896170,56,28.39,-105.62,43.0,5.82
134,Santa Cecilia,19,CR,1577896171,42,9.85,-84.31,80.6,11.41
135,La Ronge,90,CA,1577896172,92,55.1,-105.3,21.2,3.8
136,Alofi,76,NU,1577896173,83,-19.06,-169.92,75.2,13.87
137,Abu Dhabi,24,AE,1577896166,49,24.47,54.37,73.4,2.24
138,Agadez,0,NE,1577896175,18,16.97,7.99,69.8,20.8
139,Lagoa,0,PT,1577896177,77,37.14,-8.45,64.0,9.17
140,Naryan-Mar,67,RU,1577896178,88,67.67,53.09,10.42,8.95
141,Cidreira,1,BR,1577896179,83,-30.17,-50.22,76.62,9.13
142,Broome,90,GB,1577896180,93,52.47,1.45,42.01,8.05
143,Kenora,75,CA,1577896181,92,49.76,-94.48,10.4,10.29
144,Barrow,100,AR,1577896182,73,-38.31,-60.23,67.57,9.91
145,Hithadhoo,58,MV,1577896183,76,-0.6,73.08,83.05,12.33
146,Batagay-Alyta,0,RU,1577896185,72,67.8,130.41,-29.04,1.92
147,Isla Mujeres,40,MX,1577896186,74,21.23,-86.73,82.4,9.17
148,Hasaki,20,JP,1577896187,92,35.73,140.83,34.0,2.24
149,Touros,75,BR,1577896125,62,-5.2,-35.46,86.0,10.29
150,Shinpokh,40,PK,1577896189,81,34.33,71.18,53.6,4.7
151,Sobolevo,35,RU,1577896190,92,54.43,31.9,28.06,10.13
152,Mombasa,20,KE,1577896192,83,-4.05,39.67,80.6,11.41
153,Anadyr,0,RU,1577896193,74,64.73,177.51,-25.01,13.42
154,Dikson,100,RU,1577896194,92,73.51,80.55,-1.19,27.67
155,Saint George,75,GR,1577896175,81,39.45,22.34,48.0,4.7
156,Luderitz,0,NA,1577896196,60,-26.65,15.16,73.4,23.04
157,Gat,100,SN,1577896197,24,14.69,-16.54,91.4,6.93
158,Mount Isa,9,AU,1577896198,43,-20.73,139.49,86.18,9.86
159,Ust-Ishim,100,RU,1577896199,93,57.69,71.17,17.74,8.46
160,Iki-Burul,40,RU,1577896201,93,45.82,44.65,35.6,17.9
161,Aquiraz,75,BR,1577896202,58,-3.9,-38.39,86.0,10.29
162,Tevaitoa,100,PF,1577896203,84,-16.78,-151.5,79.57,15.21
163,Sao Raimundo das Mangabeiras,64,BR,1577896204,70,-7.02,-45.48,84.07,4.7
164,Faya,2,SA,1577896205,72,18.39,42.45,60.8,11.41
165,San Patricio,40,PY,1577896207,32,-26.98,-56.83,95.43,9.06
166,Muyezerskiy,100,RU,1577896208,95,63.93,31.65,26.49,11.36
167,Itoman,71,JP,1577896209,59,26.12,127.67,62.6,6.93
168,Vila,0,IT,1577896210,52,45.18,8.4,48.2,3.36
169,Butag,78,PH,1577896211,81,12.63,123.94,80.62,22.91
170,Port Macquarie,15,AU,1577896212,83,-31.43,152.91,72.0,4.7
171,Rudsar,90,IR,1577896213,81,37.14,50.29,53.6,2.24
172,Shimoda,0,JP,1577896214,91,34.7,138.93,37.0,8.19
173,Mehamn,22,NO,1577896216,73,71.03,27.85,23.0,2.24
174,Bubaque,17,GW,1577896217,51,11.28,-15.83,79.81,10.65
175,Salinopolis,24,BR,1577896218,81,-0.61,-47.36,81.34,15.35
176,Ahuimanu,20,US,1577896219,69,21.44,-157.84,73.99,3.36
177,At-Bashi,39,KG,1577896220,45,41.17,75.81,0.36,8.1
178,Dauphin,20,CA,1577896221,92,51.15,-100.04,23.0,11.41
179,Mitsamiouli,90,KM,1577896222,74,-11.38,43.28,86.0,8.05
180,Talnakh,75,RU,1577896224,84,69.49,88.39,3.2,31.32
181,Geraldton,75,CA,1577896225,77,49.72,-86.95,1.4,3.36
182,Pringsewu,97,ID,1577896226,98,-5.36,104.98,70.63,3.62
183,Broken Hill,19,AU,1577896227,18,-31.97,141.45,71.6,11.41
184,Margate,75,AU,1577896228,48,-43.03,147.26,64.4,11.41
185,Kununurra,100,AU,1577896229,74,-15.77,128.74,84.2,5.86
186,Praia,75,BR,1577896231,51,-20.25,-43.81,84.2,4.7
187,Ahipara,83,NZ,1577896232,100,-35.17,173.16,57.99,12.84
188,Petropavl,100,KZ,1577896233,94,54.87,69.13,26.94,9.08
189,Villa Carlos Paz,75,AR,1577896234,65,-31.42,-64.5,78.01,6.93
190,Oranjestad,20,AW,1577896081,58,12.52,-70.03,86.0,18.34
191,Camacha,40,PT,1577896236,68,33.08,-16.33,68.0,13.87
192,Klaksvik,100,FO,1577896237,93,62.23,-6.59,46.4,11.41
193,Fort Nelson,40,CA,1577896238,84,58.81,-122.69,5.0,3.36
194,Gboko,5,NG,1577896240,19,7.32,9.0,82.72,6.53
195,Nikolskoye,75,RU,1577896241,95,59.7,30.79,36.0,11.18
196,East London,75,ZA,1577896242,83,-33.02,27.91,69.8,12.75
197,Sol-Iletsk,100,RU,1577896243,96,51.16,55.0,30.25,14.41
198,Ostrovnoy,27,RU,1577896244,96,68.05,39.51,5.16,10.85
199,Butaritari,100,KI,1577896245,76,3.07,172.79,83.97,7.65
200,Florianopolis,20,BR,1577896246,66,-27.6,-48.55,99.0,8.05
201,Shenjiamen,35,CN,1577896247,67,29.96,122.3,52.41,8.7
202,Grenada,1,US,1577896249,75,33.77,-89.81,50.0,8.48
203,Lebu,55,ET,1577896250,70,8.96,38.73,57.04,5.84
204,Tucurui,98,BR,1577896251,63,-3.77,-49.67,86.49,0.92
205,Cacu,87,BR,1577896252,53,-18.56,-51.13,87.67,4.76
206,Kerikeri,82,NZ,1577896253,91,-35.23,173.95,57.99,8.01
207,Hofn,82,IS,1577896254,90,64.25,-15.21,40.96,28.21
208,Garden City,1,US,1577896255,100,43.62,-116.24,41.0,3.36
209,Carutapera,35,BR,1577896256,80,-1.2,-46.02,81.19,14.0
210,Vestmannaeyjar,100,IS,1577896258,67,63.44,-20.27,40.14,33.46
211,Boyolangu,100,ID,1577896259,93,-8.09,111.9,73.31,3.74
212,Anchorage,90,US,1577896188,66,61.22,-149.89,15.01,6.93
213,Tuktoyaktuk,90,CA,1577896261,70,69.44,-133.03,-4.0,10.29
214,Narrabri,13,AU,1577896262,28,-30.33,149.78,86.0,5.82
215,Komsomolskiy,100,RU,1577896263,95,67.55,63.78,4.21,14.76
216,Shingu,0,JP,1577896264,71,33.72,135.99,43.88,8.46
217,Sorland,75,NO,1577896265,81,67.67,12.69,46.4,39.15
218,Tanhacu,45,BR,1577896266,33,-14.02,-41.25,97.02,2.08
219,Manicore,100,BR,1577896268,87,-5.81,-61.3,81.99,3.11
220,Mao,20,DO,1577896269,74,19.55,-71.08,84.99,6.93
221,Jhajjar,20,IN,1577896270,87,28.61,76.66,57.0,4.83
222,Banda Aceh,52,ID,1577896271,83,5.56,95.32,72.3,5.7
223,Alice Springs,17,AU,1577896272,16,-23.7,133.88,86.0,10.29
224,Nesbyen,98,NO,1577896273,85,60.57,9.1,43.0,37.0
225,Tual,87,ID,1577896274,73,-5.67,132.75,83.82,5.73
226,Ixtapa,90,MX,1577896151,88,20.71,-105.21,73.0,6.93
227,Deputatskiy,74,RU,1577896277,79,69.3,139.9,-28.23,2.39
228,Najran,0,SA,1577896278,36,17.54,44.22,75.2,4.7
229,Monte Alegre de Minas,100,BR,1577896279,60,-18.87,-48.88,83.95,5.14
230,Vilyuysk,81,RU,1577896280,98,63.75,121.63,-31.68,3.85
231,Buala,25,SB,1577896281,82,-8.15,159.59,78.44,4.09
232,Mahibadhoo,55,MV,1577896282,77,3.78,72.97,81.82,13.44
233,Gubkinskiy,97,RU,1577896284,95,64.43,76.5,2.08,11.34
234,Solnechnyy,70,RU,1577896285,83,50.72,136.64,-12.24,1.83
235,Martapura,94,ID,1577896286,90,-3.41,114.85,75.4,2.82
236,Rawson,14,AR,1577896287,71,-43.3,-65.11,65.19,24.61
237,Lae,99,PG,1577896288,91,-6.72,146.98,66.04,2.01
238,Lima,75,PE,1577896092,73,-12.06,-77.04,75.2,11.41
239,Tarakan,30,ID,1577896164,81,3.3,117.63,79.7,7.02
240,Muroto,0,JP,1577896292,72,33.37,134.14,37.11,4.65
241,Byron Bay,35,AU,1577896293,88,-28.65,153.62,73.0,6.93
242,Monki,70,PL,1577896294,86,53.41,22.8,37.0,13.65
243,Baikunthpur,100,IN,1577896295,86,23.26,82.56,52.45,3.76
244,Isangel,41,VU,1577896296,75,-19.55,169.27,74.26,11.74
245,Haikou,75,CN,1577896297,83,20.04,110.34,69.8,8.95
246,Itarema,63,BR,1577896298,51,-2.92,-39.92,88.11,11.21
247,Codrington,4,AU,1577896299,88,-28.95,153.24,71.6,5.82
248,Volksrust,33,ZA,1577896301,85,-27.36,29.88,64.13,7.63
249,Elizabeth City,1,US,1577896302,53,36.3,-76.22,53.01,9.17
250,Coquimbo,90,CL,1577896303,77,-29.95,-71.34,62.6,9.17
251,Mount Gambier,0,AU,1577896304,93,-37.83,140.78,51.8,2.68
252,Oranjemund,0,ZA,1577896305,88,-28.55,16.43,62.6,15.21
253,Acapulco,20,MX,1577896306,69,16.86,-99.88,82.4,3.36
254,Sibu,75,MY,1577896307,94,2.29,111.83,78.8,3.36
255,Kysyl-Syr,39,RU,1577896309,97,63.9,122.77,-33.92,3.67
256,Aracataca,40,CO,1577896310,70,10.59,-74.19,87.8,4.7
257,Filingue,0,NE,1577896311,13,14.35,3.32,71.74,10.6
258,Caravelas,56,BR,1577896312,62,-17.73,-39.27,85.53,13.62
259,Beloha,0,MG,1577896313,77,-25.17,45.06,73.94,14.72
260,Tucumcari,1,US,1577896314,30,35.17,-103.73,44.6,12.75
261,Kaeo,82,NZ,1577896315,100,-35.1,173.78,57.99,5.55
262,Walvis Bay,24,NA,1577896316,60,-22.95,14.51,69.8,8.05
263,Rongcheng,71,CN,1577896318,43,37.16,122.42,33.53,5.55
264,Ust-Kut,91,RU,1577896319,97,56.78,105.75,3.63,4.32
265,Ilulissat,100,GL,1577896320,71,69.22,-51.1,8.6,6.93
266,Tiksi,0,RU,1577896321,80,71.64,128.87,-28.05,4.9
267,Kautokeino,100,NO,1577896322,95,69.01,23.04,18.39,11.32
268,Lodwar,100,KE,1577896323,25,3.12,35.6,89.91,14.38
269,Homer,90,US,1577896325,85,59.64,-151.54,10.4,24.16
270,Nurota,98,UZ,1577896326,69,40.56,65.69,37.4,2.24
271,Marystown,100,CA,1577896327,100,47.17,-55.16,37.0,11.01
272,Constitucion,90,MX,1577896328,100,23.99,-104.67,46.4,6.93
273,Hobyo,9,SO,1577896329,76,5.35,48.53,79.07,15.46
274,Salinas,1,US,1577896330,87,36.67,-121.66,51.01,6.93
275,Chimbote,7,PE,1577896332,53,-9.08,-78.59,81.37,11.88
276,Den Helder,90,NL,1577896219,100,52.96,4.76,37.0,8.05
277,Costa Rica,90,MX,1577896334,88,24.59,-107.39,66.0,10.87
278,Port Lincoln,0,AU,1577896335,83,-34.72,135.86,61.2,8.19
279,Ilhabela,95,BR,1577896336,75,-23.78,-45.36,80.89,17.4
280,Matagami,4,NG,1577896337,23,9.67,8.4,72.72,6.87
281,California City,1,US,1577896338,69,35.13,-117.99,45.0,8.05
282,Samarai,64,PG,1577896339,89,-10.62,150.67,76.15,1.74
283,Esperance,90,AU,1577896340,88,-33.86,121.89,66.2,14.99
284,Souillac,90,FR,1577896342,87,45.6,-0.6,52.0,11.41
285,Kiunga,100,PG,1577896343,99,-6.12,141.3,72.75,1.59
286,Chicama,20,PE,1577896344,83,-7.84,-79.15,71.6,10.29
287,Airai,94,TL,1577896345,92,-8.93,125.41,68.29,1.79
288,Mahajanga,40,MG,1577896346,78,-15.72,46.32,80.6,8.05
289,Pevek,0,RU,1577896347,96,69.7,170.27,-23.35,7.14
290,La Rioja,17,AR,1577896348,42,-29.41,-66.86,81.21,8.08
291,Kawalu,100,ID,1577896349,88,-7.38,108.21,70.41,2.15
292,Sungairaya,100,ID,1577896351,96,0.7,108.9,75.7,2.66
293,Padang,100,ID,1577896352,82,-0.92,100.36,70.11,5.77
294,Amga,72,RU,1577896353,99,60.89,131.98,-31.05,0.94
295,Balkanabat,0,TM,1577896354,63,39.51,54.36,42.73,6.13
296,Adrar,0,DZ,1577896355,31,27.87,-0.29,60.8,11.41
297,Nguruka,82,TZ,1577896356,91,-5.11,31.04,68.61,2.35
298,Khash,82,IR,1577896357,73,28.22,61.21,51.1,17.58
299,Dunedin,100,NZ,1577896253,94,-45.87,170.5,54.0,8.41
300,Killybegs,20,IE,1577896360,87,54.63,-8.45,48.2,9.17
301,Vanavara,84,RU,1577896361,98,60.35,102.28,-1.19,3.87
302,Bezhetsk,100,RU,1577896362,91,57.78,36.69,29.59,7.87
303,Hun,0,BE,1577896363,88,50.34,4.87,37.99,6.93
304,Pangnirtung,90,CA,1577896364,58,66.15,-65.72,-2.2,6.93
305,Pucallpa,75,PE,1577896365,100,-8.38,-74.54,35.6,10.29
306,Sar-e Pul,99,AF,1577896367,70,36.22,65.93,35.76,1.88
307,Great Falls,75,US,1577896368,60,47.5,-111.29,45.0,19.46
308,Krasnoye,75,RU,1577896369,86,44.87,39.46,41.0,6.71
309,Labuhan,100,ID,1577896370,94,-2.54,115.51,73.62,2.04
310,Stephenville,75,CA,1577896082,69,48.55,-58.59,37.99,32.21
311,Bulawayo,100,ZW,1577896188,40,-20.16,28.59,85.21,11.07
312,Novaya Igirma,97,RU,1577896373,93,57.14,103.93,7.86,6.08
313,Lerici,0,IT,1577896374,87,44.07,9.91,50.0,2.24
314,Cabo San Lucas,75,MX,1577896263,87,22.89,-109.91,63.0,4.7
315,Zhenlai,52,CN,1577896377,79,45.84,123.2,-1.05,6.35
316,Oudtshoorn,75,ZA,1577896378,83,-33.59,22.2,69.8,11.41
317,Dawlatabad,100,AF,1577896379,82,36.41,64.91,45.03,8.81
318,Markova,90,RU,1577896380,85,52.21,104.21,14.0,11.18
319,Kudahuvadhoo,0,MV,1577896381,78,2.67,72.89,82.08,13.87
320,Nkoteng,86,CM,1577896382,30,4.5,12.12,79.39,2.98
321,Ewa Beach,20,US,1577896383,68,21.32,-158.01,73.99,5.82
322,Ancud,0,CL,1577896385,53,-41.87,-73.83,71.6,6.93
323,Dekar,100,BW,1577896386,58,-21.53,21.93,78.58,5.93
324,Kozhva,83,RU,1577896387,94,65.11,57.05,10.67,7.11
325,Khani,90,GE,1577896388,100,41.96,42.96,44.6,5.82
326,Puerto Madryn,0,AR,1577896389,41,-42.77,-65.04,76.08,29.01
327,Luena,100,AO,1577896390,87,-11.78,19.91,67.41,1.59
328,Marrakesh,0,MA,1577896391,26,31.63,-7.99,69.8,6.93
329,Toora-Khem,98,RU,1577896393,89,52.47,96.11,0.77,2.44
330,Longyearbyen,90,NO,1577896394,78,78.22,15.63,8.6,9.17
331,Manggar,100,ID,1577896395,80,-2.88,108.27,81.55,13.35
332,Kirakira,38,SB,1577896396,83,-10.46,161.92,76.08,4.79
333,Asaba,13,NG,1577896397,21,6.19,6.75,82.53,2.08
334,Inirida,60,CO,1577896398,48,3.87,-67.92,92.91,2.77
335,Mangaratiba,100,BR,1577896372,42,-22.96,-44.04,98.6,13.87
336,Thompson,90,CA,1577896391,92,55.74,-97.86,8.6,5.82
337,Saryagash,58,KZ,1577896402,35,41.45,69.17,32.0,4.7
338,Paamiut,6,GL,1577896403,47,61.99,-49.67,17.51,8.61
339,Shelburne,90,CA,1577896310,74,44.08,-80.2,30.99,12.75
340,Pontes e Lacerda,35,BR,1577896405,62,-15.23,-59.33,88.77,4.47
341,Taltal,17,CL,1577896406,67,-25.41,-70.49,66.99,8.28
342,The Valley,40,AI,1577896407,88,18.22,-63.06,84.99,3.36
343,Oistins,20,BB,1577896409,58,13.07,-59.53,86.0,13.87
344,Chhatapur,40,IN,1577896410,82,23.07,86.96,64.4,11.41
345,Santa Cruz do Rio Pardo,76,BR,1577896411,49,-22.91,-49.63,88.86,8.5
346,Beeville,100,US,1577896412,82,28.4,-97.75,55.0,4.0
347,Hualmay,42,PE,1577896413,55,-11.1,-77.61,79.12,10.04
348,Takoradi,28,GH,1577896414,68,4.89,-1.75,82.58,9.64
349,Cherskiy,97,RU,1577896384,74,68.75,161.3,-10.01,11.54
350,Svilajnac,40,RS,1577896416,100,44.23,21.19,33.8,2.24
351,Nishihara,1,JP,1577896418,69,35.74,139.53,43.0,9.19
352,Bilma,10,NE,1577896419,23,18.69,12.92,51.12,14.32
353,Betulia,75,CO,1577896420,69,6.11,-75.98,73.4,2.24
354,Santa Cruz del Sur,31,CU,1577896422,75,20.71,-78.0,79.39,11.41
355,Portsmouth,90,GB,1577896301,93,50.8,-1.08,46.99,3.13
356,Castilho,0,BR,1577896149,48,-20.87,-51.49,91.06,4.41
357,Rio Grande,90,BR,1577896415,88,-32.03,-52.1,77.0,13.87
358,Forssa,68,FI,1577896426,80,60.82,23.63,36.0,14.99
359,Los Llanos de Aridane,46,ES,1577896428,53,28.66,-17.92,71.6,5.82
360,Tilichiki,100,RU,1577896429,81,60.47,166.1,-4.54,8.75
361,Imeni Poliny Osipenko,100,RU,1577896430,89,52.42,136.49,-8.7,7.61
362,Rio Gallegos,20,AR,1577896230,48,-51.62,-69.22,75.2,17.22
363,Xining,0,CN,1577896432,53,36.62,101.77,20.08,2.28
364,Donskoye,75,RU,1577896433,70,45.45,41.98,33.8,11.18
365,Talcahuano,75,CL,1577896434,82,-36.72,-73.12,60.8,14.99
366,Abong Mbang,71,CM,1577896435,29,3.98,13.18,75.72,1.57
367,Portland,20,US,1577896437,59,43.66,-70.25,39.0,9.17
368,Koslan,99,RU,1577896438,97,63.46,48.9,4.06,5.7
369,Lorengau,93,PG,1577896439,79,-2.02,147.27,83.25,12.01
370,Annau,75,TM,1577896440,75,37.89,58.52,46.4,4.7
371,Turka,11,RU,1577896441,86,52.95,108.22,11.43,8.37
372,Mazagao,75,BR,1577896442,70,-0.12,-51.29,87.8,8.05
373,Yaan,13,NG,1577896443,18,7.38,8.57,83.59,4.94
374,Atar,81,MR,1577896444,16,20.52,-13.05,75.2,23.04
375,Husavik,100,CA,1577896446,88,50.56,-96.99,18.0,7.09
376,Puerto Ayacucho,90,CO,1577896447,55,5.66,-67.63,89.6,14.99
377,Auki,32,NG,1577896448,18,12.18,6.51,67.66,11.18
378,Road Town,40,VG,1577896347,74,18.42,-64.62,84.2,9.17
379,Bathsheba,20,BB,1577896450,58,13.22,-59.52,86.0,13.87
380,Abu Kamal,18,SY,1577896451,54,34.45,40.92,52.99,3.04
381,Sola,100,TZ,1577896452,79,-3.17,33.8,68.85,4.21
382,Chuguyevka,0,RU,1577896453,89,44.17,133.87,-9.69,3.76
383,Kokoda,76,PG,1577896455,91,-8.88,147.74,62.15,1.81
384,Dhidhdhoo,0,MV,1577896456,77,6.88,73.1,81.93,8.86
385,Dingle,41,PH,1577896457,96,11.0,122.67,73.47,9.95
386,Lichinga,75,MZ,1577896458,83,-13.3,35.25,71.6,3.11
387,Ciudad Bolivar,93,VE,1577896459,33,8.12,-63.55,91.08,9.19
388,Kazachinskoye,97,RU,1577896460,90,57.69,93.28,18.14,7.67
389,Porto Novo,75,BR,1577896462,41,-23.68,-45.44,91.4,4.7
390,Mumford,56,GH,1577896463,67,5.26,-0.76,80.08,7.05
391,Kyren,63,RU,1577896464,71,51.68,102.13,7.9,7.61
392,Miri,0,NG,1577896465,22,10.31,9.75,68.5,7.99
393,Baghdad,17,IQ,1577896254,66,33.3,44.38,51.8,4.7
394,Peniche,34,PT,1577896467,71,39.36,-9.38,59.0,6.93
395,Flic en Flac,75,MU,1577896468,83,-20.27,57.36,80.6,2.95
396,Linfen,43,CN,1577896469,39,36.09,111.52,33.66,0.94
397,Owando,98,CG,1577896470,56,-0.49,15.91,82.54,3.15
398,Metro,100,ID,1577896472,95,-5.11,105.31,74.34,7.92
399,Ribeira Grande,40,PT,1577896473,67,38.52,-28.7,62.6,19.46
400,Daru,93,PG,1577896474,91,-9.07,143.21,75.34,1.83
401,Chernyshkovskiy,100,RU,1577896475,96,48.42,42.23,33.46,13.67
402,Wahpeton,100,US,1577896476,86,46.27,-96.61,30.99,10.29
403,Pithoragarh,100,IN,1577896477,81,29.59,80.22,42.82,1.61
404,Manta,0,RO,1577896478,69,45.1,24.1,29.79,4.97
405,Opuwo,79,NA,1577896479,49,-18.06,13.84,79.32,5.7
406,Turukhansk,100,RU,1577896481,92,65.8,87.96,3.07,14.36
407,Karratha,54,AU,1577896482,87,-20.74,116.85,83.39,14.99
408,Hongjiang,97,CN,1577896483,88,27.21,109.83,48.02,1.92
409,Petropavlovsk-Kamchatskiy,90,RU,1577896484,92,53.05,158.65,26.6,6.71
410,Hambantota,20,LK,1577896485,100,6.12,81.12,78.8,3.36
411,Yegros,23,PY,1577896486,37,-26.46,-56.4,94.19,11.61
412,Tete,40,MZ,1577896285,79,-16.16,33.59,84.2,8.05
413,Kutum,0,SD,1577896488,18,14.2,24.66,69.96,6.33
414,Blackfoot,90,US,1577896446,86,43.19,-112.35,33.01,17.22
415,Cordeiro,92,BR,1577896491,75,-22.03,-42.36,77.86,4.85
416,Bambous Virieux,75,MU,1577896492,83,-20.34,57.76,80.6,4.88
417,Manbij,40,SY,1577896493,93,36.53,37.96,42.8,1.77
418,Changqing,90,CN,1577896494,80,31.81,117.24,41.0,2.24
419,Assiniboia,100,CA,1577896495,93,49.63,-105.99,28.85,6.96
420,Dwarka,20,IN,1577896496,87,28.58,77.04,57.0,5.1
421,Amlame,65,TG,1577896497,16,7.47,0.9,81.54,2.82
422,Shitanjing,83,CN,1577896498,58,39.23,106.34,24.19,3.85
423,Saint-Augustin,90,CA,1577896499,90,45.63,-73.98,35.01,9.17
424,Eyl,0,SO,1577896501,80,7.98,49.82,79.7,18.57
425,Madera,1,US,1577896502,93,36.96,-120.06,46.0,3.36
426,Kuytun,96,RU,1577896503,96,54.34,101.51,3.11,5.17
427,Batemans Bay,0,AU,1577896504,86,-35.71,150.18,46.99,2.77
428,Ola,100,RU,1577896505,76,59.58,151.3,12.97,42.12
429,Riyadh,66,SA,1577896506,33,24.63,46.72,62.6,6.93
430,Sancti Spiritus,5,CU,1577896507,64,21.93,-79.44,82.06,4.34
431,Springdale,1,US,1577896508,31,36.19,-94.13,50.0,19.46
432,Inhambane,20,MZ,1577896510,70,-23.87,35.38,84.2,6.93
433,Iskateley,38,RU,1577896511,91,67.68,53.15,9.91,10.47
434,Grand Gaube,75,MU,1577896512,83,-20.01,57.66,80.6,2.33
435,Gamba,98,CN,1577896513,49,28.28,88.52,9.45,3.38
436,Tateyama,99,JP,1577896514,86,36.66,137.31,41.0,1.99
437,Vostok,100,RU,1577896515,96,46.45,135.83,-13.85,8.32
438,Axim,84,GH,1577896516,65,4.87,-2.24,81.82,5.97
439,Drumheller,100,CA,1577896517,56,51.47,-112.7,28.99,4.99
440,Amilly,90,FR,1577896518,100,47.98,2.77,44.01,6.93
441,Egvekinot,0,RU,1577896520,84,66.32,-179.17,-22.76,10.47
442,Ginda,100,IN,1577896521,36,30.69,78.49,40.01,4.29
443,Pasighat,100,IN,1577896522,60,28.06,95.33,63.03,5.01
444,Ulladulla,90,AU,1577896523,93,-35.36,150.48,59.0,5.82
445,Tahoua,0,NE,1577896524,16,14.89,5.26,75.2,18.34
446,Balsas,97,BR,1577896525,74,-7.53,-46.04,82.62,6.35
447,Omboue,95,GA,1577896526,87,-1.57,9.26,78.57,3.13
448,Phan Thiet,57,VN,1577896527,80,10.93,108.1,67.86,3.65
449,Raudeberg,75,NO,1577896529,93,61.99,5.14,45.0,33.33
450,Otukpo,1,NG,1577896530,17,7.19,8.13,84.29,4.14
451,Christchurch,85,NZ,1577896242,100,-43.53,172.64,60.01,2.24
452,Saint Anthony,90,US,1577896532,85,43.97,-111.68,30.99,4.45
453,Buta,84,CD,1577896533,42,2.79,24.73,79.21,1.16
454,Ellisras,28,ZA,1577896534,49,-23.67,27.74,82.78,5.08
455,Janakpur,100,NP,1577896535,60,26.73,85.92,60.24,0.11
456,Marsh Harbour,33,BS,1577896536,61,26.54,-77.06,73.27,9.01
457,Fukue,40,JP,1577896537,65,35.03,136.69,46.4,16.11
458,Emerald,0,AU,1577896539,61,-23.53,148.16,80.6,9.17
459,Abnub,100,EG,1577896540,54,27.27,31.15,59.0,11.41
460,Lavrentiya,5,RU,1577896541,86,65.58,-170.99,-17.7,14.0
461,Kamaishi,0,JP,1577896542,54,39.28,141.86,30.79,29.15
462,Hovd,40,NO,1577896543,57,63.83,10.7,50.0,21.92
463,Vardo,20,US,1577896544,41,39.62,-77.74,45.0,13.87
464,Saint-Pierre,90,FR,1577896545,91,48.95,4.24,33.8,5.82
465,Bowling Green,1,US,1577896546,48,36.99,-86.44,46.0,6.93
466,Westport,75,US,1577896548,51,41.14,-73.36,41.0,16.11
467,Bam,43,IR,1577896549,37,29.11,58.36,56.07,1.48
468,Acajutla,95,SV,1577896550,63,13.59,-89.83,78.01,3.0
469,Japura,100,ID,1577896551,96,-0.42,102.29,74.68,1.57
470,Hrob,0,CZ,1577896552,71,50.66,13.73,37.4,4.7
471,Khandbari,100,NP,1577896553,38,27.38,87.21,34.57,3.58
472,Lashio,100,MM,1577896554,94,22.93,97.75,55.18,2.1
473,Menfi,20,IT,1577896555,62,37.61,12.97,57.0,8.05
474,Dhanaula,100,IN,1577896556,46,30.85,76.34,52.36,2.48
475,Pontianak,100,ID,1577896558,95,-0.02,109.34,74.7,1.14
476,Nouadhibou,100,MR,1577896559,28,20.93,-17.03,73.4,8.05
477,Hadgaon,92,IN,1577896560,75,19.5,77.66,69.71,9.75
478,Arcachon,90,FR,1577896561,81,44.65,-1.18,51.8,5.82
479,Mantua,0,IT,1577896562,70,45.16,10.79,46.99,1.12
480,Kamiiso,91,JP,1577896563,88,41.82,140.65,15.37,15.75
481,Sovetskiy,63,RU,1577896564,95,56.76,48.47,7.97,6.62
482,Ribeira Brava,20,PT,1577896566,64,32.65,-17.07,68.0,13.87
483,Bulgan,1,MN,1577896567,73,48.81,103.53,3.9,3.29
484,Andros Town,75,BS,1577896568,73,24.73,-77.79,77.0,9.17
485,Garmsar,10,IR,1577896569,52,35.22,52.34,49.28,6.73
486,Pisco,20,PE,1577896570,30,-13.71,-76.2,75.0,10.29
487,Ajdabiya,55,LY,1577896571,62,30.75,20.22,55.15,2.04
488,Nauta,100,PE,1577896572,82,-4.51,-73.58,83.66,3.69
489,Beni Mazar,100,EG,1577896574,54,28.5,30.8,54.45,5.61
490,Urusha,52,RU,1577896575,90,54.05,122.9,-16.85,2.62
491,Tekeli,0,KZ,1577896576,35,44.86,78.76,15.51,7.56
492,Cayenne,20,GF,1577896577,58,4.94,-52.33,86.0,13.87
493,Algiers,75,US,1577896578,50,29.94,-90.04,59.0,5.82
494,Pundaguitan,46,PH,1577896579,82,6.37,126.17,79.86,12.82
495,Udachnyy,1,RU,1577896580,83,66.42,112.4,-4.0,4.47
496,Zhigansk,0,RU,1577896581,95,66.77,123.37,-34.06,6.87
497,Beringovskiy,0,RU,1577896583,88,63.05,179.32,-15.14,14.36
498,Reconquista,0,AR,1577896584,32,-29.14,-59.64,93.97,12.39
499,Quatre Cocos,75,MU,1577896585,83,-20.21,57.76,80.6,3.74
500,Imbituba,20,BR,1577896586,66,-28.24,-48.67,89.6,8.05
501,Teknaf,39,BD,1577896587,96,20.86,92.31,65.16,2.15
502,Aykhal,0,RU,1577896588,83,65.95,111.51,-4.0,4.47
503,Csengod,0,HU,1577896589,87,46.72,19.27,35.01,2.26
504,Elliot Lake,75,CA,1577896590,68,46.37,-82.65,26.6,19.46
505,Kupang,90,ID,1577896592,100,-10.16,123.6,75.2,3.31
506,Sosva,99,RU,1577896593,92,59.17,61.86,6.49,2.91
507,Tabou,76,CI,1577896594,75,4.42,-7.36,81.32,6.69
508,Dumas,4,IN,1577896595,82,21.09,72.71,68.0,5.28
509,Sechura,28,PE,1577896596,90,-5.56,-80.82,70.23,14.09
510,Tawau,75,MY,1577896597,88,4.26,117.89,77.0,3.36
511,Gangakher,29,IN,1577896598,72,18.95,76.75,71.15,9.17
512,San Eugenio,60,AR,1577896599,49,-32.08,-61.12,88.0,8.01
513,Dali,0,CN,1577896600,43,34.79,109.94,31.51,4.29
514,Kalaleh,0,IR,1577896602,61,37.38,55.49,46.4,4.7
515,Pampierstad,87,ZA,1577896603,41,-27.78,24.69,80.22,9.82
516,Fare,100,PF,1577896604,80,-16.7,-151.02,80.89,16.96
517,Tucupita,52,VE,1577896605,51,9.06,-62.05,88.39,6.24
518,Kulhudhuffushi,0,MV,1577896606,78,6.62,73.07,81.81,9.37
519,Ludza,90,LV,1577896607,89,56.55,27.72,33.1,13.2
520,La Union,67,GT,1577896609,70,14.97,-89.29,78.01,1.01
521,Sangmelima,63,CM,1577896610,48,2.93,11.98,78.4,3.4
522,Muros,28,ES,1577896611,57,42.77,-9.06,52.0,2.24
523,San Quintin,51,PH,1577896612,78,17.54,120.52,70.66,6.8
524,Razdolnoye,23,RU,1577896613,87,43.7,44.53,33.8,4.47
525,Havelock,1,US,1577896615,46,34.88,-76.9,55.99,13.87
526,Sao Joao da Barra,20,BR,1577896397,52,-21.64,-41.05,87.8,16.11
527,Ust-Tarka,100,RU,1577896617,93,55.56,75.71,23.45,11.48
528,Nyurba,97,RU,1577896618,95,63.29,118.35,-28.17,1.88
529,Tahe,0,CN,1577896619,77,52.34,124.71,-7.37,5.17
530,North Platte,1,US,1577896464,73,41.12,-100.77,33.01,5.82
